"","player_id","average_rank","weight_kg","height_cm","average_tourneys_played","average_age","backhand","handedness"
"1","a479",84.1190476190476,86,183,23.7619047619048,31.3095238095238,"One-Handed Backhand","Right-Handed"
"2","a539",1398.44444444444,80,183,3.88888888888889,31,"One-Handed Backhand","Right-Handed"
"3","a596",714.897435897436,76,180,5.20512820512821,30.9230769230769,"Two-Handed Backhand","Right-Handed"
"4","a622",250.97619047619,72,180,30.5,29,"One-Handed Backhand","Left-Handed"
"5","a678",45.9047619047619,93,203,22.8095238095238,30.5952380952381,"Two-Handed Backhand","Right-Handed"
"6","a725",842.714285714286,85,191,31.5,33.5952380952381,"Two-Handed Backhand","Right-Handed"
"7","a759",1878.11111111111,73,178,3.33333333333333,28.7777777777778,"One-Handed Backhand","Right-Handed"
"8","a829",102.5,69,175,31.452380952381,27.047619047619,"Two-Handed Backhand","Right-Handed"
"9","a853",216.690476190476,86,191,24.9047619047619,26.1190476190476,"Two-Handed Backhand","Right-Handed"
"10","a887",143.880952380952,77,183,25.6190476190476,25.3571428571429,"Two-Handed Backhand","Right-Handed"
"11","a941",463.190476190476,77,178,19.5,24.3571428571429,"Two-Handed Backhand","Right-Handed"
"12","a943",704.690476190476,82,183,20.7380952380952,26.7619047619048,"Two-Handed Backhand","Right-Handed"
"13","aa81",1079.81481481481,70,175,5.48148148148148,24,"Two-Handed Backhand","Right-Handed"
"14","ab12",737.738095238095,79,188,10.4761904761905,24.3571428571429,"Two-Handed Backhand","Right-Handed"
"15","ab17",481.071428571429,75,183,24.5,23.2380952380952,"Two-Handed Backhand","Right-Handed"
"16","ab40",630.095238095238,85,191,19.952380952381,21.6190476190476,"Two-Handed Backhand","Right-Handed"
"17","ac84",850.238095238095,84,188,6.07142857142857,21,"Two-Handed Backhand","Right-Handed"
"18","ad04",955,75,178,17.6428571428571,19.547619047619,"Two-Handed Backhand","Right-Handed"
"19","ad23",1058.97368421053,73,175,2.07894736842105,18.6315789473684,"Two-Handed Backhand","Right-Handed"
"20","ad41",941.714285714286,67,175,18.4285714285714,20.6428571428571,"Two-Handed Backhand","Right-Handed"
"21","af32",761.690476190476,76,185,12.3333333333333,19.2619047619048,"Two-Handed Backhand","Right-Handed"
"22","ag37",312.166666666667,84,188,17.2619047619048,16.3333333333333,"Two-Handed Backhand","Right-Handed"
"23","b678",449.27027027027,100,193,12.1351351351351,36.4054054054054,"One-Handed Backhand","Left-Handed"
"24","b747",99.9761904761905,79,185,20.1904761904762,35,"Two-Handed Backhand","Right-Handed"
"25","b804",1546.675,74,180,1.675,34.75,"Two-Handed Backhand","Right-Handed"
"26","b837",69.4047619047619,82,178,22.3095238095238,31.5238095238095,"Two-Handed Backhand","Right-Handed"
"27","b884",86.7142857142857,81,183,26.7142857142857,33.9047619047619,"One-Handed Backhand","Right-Handed"
"28","b896",242.809523809524,72,178,18.2857142857143,35.5238095238095,"Two-Handed Backhand","Right-Handed"
"29","b946",1032.91666666667,85,183,4.375,33.9166666666667,"Two-Handed Backhand","Right-Handed"
"30","ba23",417,77,191,13.452380952381,31.6666666666667,"Two-Handed Backhand","Right-Handed"
"31","ba47",15,91,196,21.5714285714286,31.2380952380952,"Two-Handed Backhand","Right-Handed"
"32","ba65",95.4285714285714,78,196,26.5,32,"Two-Handed Backhand","Right-Handed"
"33","ba79",756.714285714286,90,188,1,33,"Two-Handed Backhand","Right-Handed"
"34","ba86",722.939393939394,89,191,8.42424242424242,30.8787878787879,"Two-Handed Backhand","Left-Handed"
"35","ba98",374.238095238095,83,183,8.35714285714286,31.1666666666667,"One-Handed Backhand","Right-Handed"
"36","bc68",472.547619047619,79,188,16.8333333333333,28.1666666666667,"One-Handed Backhand","Right-Handed"
"37","bc72",223.714285714286,92,196,21.2857142857143,29.4285714285714,"One-Handed Backhand","Right-Handed"
"38","bc76",907.583333333333,75,175,11.9722222222222,29.6388888888889,"Two-Handed Backhand","Right-Handed"
"39","bd06",17.1190476190476,76,183,23.8571428571429,28.7142857142857,"Two-Handed Backhand","Right-Handed"
"40","bd20",73.1904761904762,82,188,23.5,29,"Two-Handed Backhand","Left-Handed"
"41","bd80",215.428571428571,78,180,24.2619047619048,28,"Two-Handed Backhand","Right-Handed"
"42","bd83",1701.83333333333,93,203,1.91666666666667,29.8333333333333,"One-Handed Backhand","Right-Handed"
"43","be44",1344.04761904762,76,183,8.47619047619048,26,"Two-Handed Backhand","Right-Handed"
"44","be54",120.738095238095,75,183,24.5238095238095,28.952380952381,"Two-Handed Backhand","Left-Handed"
"45","be67",177.214285714286,88,188,20.4761904761905,25.4285714285714,"Two-Handed Backhand","Right-Handed"
"46","be68",336.47619047619,80,185,26.3571428571429,26.7857142857143,"Two-Handed Backhand","Right-Handed"
"47","be69",522.47619047619,80,185,18.6428571428571,27.5952380952381,"Two-Handed Backhand","Right-Handed"
"48","be90",163.166666666667,70,175,16.7619047619048,26.5,"Two-Handed Backhand","Right-Handed"
"49","bf12",686.166666666667,75,180,16.2619047619048,27.547619047619,"One-Handed Backhand","Right-Handed"
"50","bf23",109.619047619048,82,183,27.1666666666667,26.8333333333333,"Two-Handed Backhand","Left-Handed"
"51","bf49",1556.8,81,188,4.35,28.05,"Two-Handed Backhand","Right-Handed"
"52","bf55",240.071428571429,77,183,17.2142857142857,24.452380952381,"Two-Handed Backhand","Right-Handed"
"53","bf98",323.071428571429,68,173,27.6666666666667,25.952380952381,"Two-Handed Backhand","Right-Handed"
"54","bg23",63.0476190476191,79,185,28.7619047619048,24.8333333333333,"Two-Handed Backhand","Right-Handed"
"55","bh02",323.833333333333,77,183,31.452380952381,25.0238095238095,"Two-Handed Backhand","Right-Handed"
"56","bh08",455.071428571429,72,175,25.6904761904762,25.9285714285714,"Two-Handed Backhand","Right-Handed"
"57","bh09",66.0714285714286,72,183,21.0952380952381,27.4047619047619,"Two-Handed Backhand","Right-Handed"
"58","bh22",345.357142857143,83,191,26.2619047619048,24.9285714285714,"Two-Handed Backhand","Right-Handed"
"59","bh98",369.619047619048,85,191,13.3333333333333,25,"Two-Handed Backhand","Right-Handed"
"60","bi23",301.880952380952,78,183,24.3333333333333,22.9761904761905,"Two-Handed Backhand","Left-Handed"
"61","bi81",386.619047619048,84,183,10.7142857142857,23.9761904761905,"Two-Handed Backhand","Left-Handed"
"62","bj05",685.142857142857,76,185,19.2142857142857,20.9285714285714,"Two-Handed Backhand","Right-Handed"
"63","bj37",728.833333333333,74,178,21.3333333333333,23.7380952380952,"Two-Handed Backhand","Right-Handed"
"64","bj43",1684.95,74,180,1.2,24,"One-Handed Backhand","Right-Handed"
"65","bk05",594.333333333333,85,191,14.4761904761905,21.9285714285714,"Two-Handed Backhand","Right-Handed"
"66","bk19",157.333333333333,83,188,28.4285714285714,22.9285714285714,"Two-Handed Backhand","Right-Handed"
"67","bk24",469.261904761905,83,183,24.9761904761905,22.8571428571429,"Two-Handed Backhand","Right-Handed"
"68","bk41",1692.97619047619,68,175,3.30952380952381,23.547619047619,"Two-Handed Backhand","Right-Handed"
"69","bk68",842.975,74,185,8.375,20,"Two-Handed Backhand","Right-Handed"
"70","bk92",134.047619047619,76,196,23.047619047619,19.5238095238095,"Two-Handed Backhand","Right-Handed"
"71","bl05",526.5,85,185,19.7857142857143,22.7142857142857,"Two-Handed Backhand","Right-Handed"
"72","bm43",395.642857142857,75,188,16.3809523809524,26.952380952381,"One-Handed Backhand","Right-Handed"
"73","bp41",670.142857142857,80,196,23.4761904761905,20.1190476190476,"One-Handed Backhand","Left-Handed"
"74","bp44",1595.57142857143,70,185,3.30952380952381,21.8809523809524,"Two-Handed Backhand","Right-Handed"
"75","bu54",442.095238095238,68,178,25.4761904761905,18.3333333333333,"Two-Handed Backhand","Right-Handed"
"76","bv27",1024.92857142857,79,185,12.0952380952381,18.7619047619048,"Two-Handed Backhand","Right-Handed"
"77","c582",226.238095238095,85,185,24.2142857142857,35.2619047619048,"Two-Handed Backhand","Right-Handed"
"78","c723",931,74,173,3,33,"One-Handed Backhand","Right-Handed"
"79","c882",27.6666666666667,80,180,24.3333333333333,31,"One-Handed Backhand","Right-Handed"
"80","c977",6.5,89,198,21.9285714285714,28.1904761904762,"Two-Handed Backhand","Right-Handed"
"81","ca12",75.8571428571429,75,188,26.2857142857143,29.8809523809524,"Two-Handed Backhand","Right-Handed"
"82","ca33",187.666666666667,78,183,24.6904761904762,27,"Two-Handed Backhand","Right-Handed"
"83","ca82",1115.92,70,185,5.88,28.52,"Two-Handed Backhand","Left-Handed"
"84","ca99",98.6190476190476,86,191,22.5,26.1190476190476,"One-Handed Backhand","Right-Handed"
"85","cc32",250.166666666667,79,183,24.7857142857143,24,"Two-Handed Backhand","Right-Handed"
"86","cc54",568.190476190476,75,185,18.1428571428571,26,"Two-Handed Backhand","Right-Handed"
"87","cc66",303.571428571429,80,185,25.6666666666667,24.9047619047619,"Two-Handed Backhand","Left-Handed"
"88","cd85",17.8095238095238,78,188,25.5,25.4285714285714,"Two-Handed Backhand","Right-Handed"
"89","cd94",1046.3,84,183,4.7,24.4,"One-Handed Backhand","Right-Handed"
"90","ce81",915.071428571429,75,183,18.0238095238095,22.8809523809524,"Two-Handed Backhand","Right-Handed"
"91","ce98",1746.375,80,183,10.2916666666667,23.9166666666667,"Two-Handed Backhand","Right-Handed"
"92","cf01",130.333333333333,78,185,24.8809523809524,24.1904761904762,"One-Handed Backhand","Right-Handed"
"93","cf05",1907.28571428571,70,175,4.64285714285714,22.452380952381,"Two-Handed Backhand","Right-Handed"
"94","cf25",1216.45238095238,81,198,13.7142857142857,23.2142857142857,"Two-Handed Backhand","Left-Handed"
"95","cf59",126.404761904762,76,180,27.3333333333333,23.7619047619048,"Two-Handed Backhand","Right-Handed"
"96","cg07",456.02380952381,76,178,19.7619047619048,22.9047619047619,"Two-Handed Backhand","Right-Handed"
"97","cg33",223.214285714286,68,180,24.1428571428571,22.8809523809524,"Two-Handed Backhand","Right-Handed"
"98","cg80",53.1190476190476,79,185,22.6190476190476,20.0238095238095,"Two-Handed Backhand","Right-Handed"
"99","ch05",455.333333333333,72,185,25.1666666666667,20.2619047619048,"Two-Handed Backhand","Right-Handed"
"100","ch12",496.261904761905,80,196,23.3333333333333,20.547619047619,"Two-Handed Backhand","Right-Handed"
"101","ch27",68.3809523809524,87,188,18.8095238095238,20.5952380952381,"Two-Handed Backhand","Right-Handed"
"102","ch84",1222.92857142857,78,180,17.1428571428571,19.7619047619048,"One-Handed Backhand","Right-Handed"
"103","ci14",377.142857142857,80,183,24.2142857142857,18.3809523809524,"Two-Handed Backhand","Right-Handed"
"104","cm88",1411.71428571429,68,175,10.5238095238095,20.2857142857143,"Two-Handed Backhand","Right-Handed"
"105","d499",304.333333333333,79,185,16.6190476190476,32.1904761904762,"One-Handed Backhand","Right-Handed"
"106","d616",1315.8,73,180,1.4,31.5,"Two-Handed Backhand","Right-Handed"
"107","d632",60.5714285714286,77,178,21.4761904761905,32.7857142857143,"One-Handed Backhand","Right-Handed"
"108","d643",4.23809523809524,77,188,16.4761904761905,29.5952380952381,"Two-Handed Backhand","Right-Handed"
"109","d646",280.809523809524,83,183,11.8095238095238,32,"Two-Handed Backhand","Right-Handed"
"110","d683",29.6190476190476,97,198,15.7619047619048,28.2142857142857,"Two-Handed Backhand","Right-Handed"
"111","d750",151.190476190476,104,203,27,29.5714285714286,"One-Handed Backhand","Left-Handed"
"112","d776",428.5,83,193,12.1190476190476,28.2142857142857,"Two-Handed Backhand","Right-Handed"
"113","d787",1044.4,82,178,1.8,29,"Two-Handed Backhand","Right-Handed"
"114","d801",64.9761904761905,71,180,20.1190476190476,28.047619047619,"Two-Handed Backhand","Right-Handed"
"115","d815",662.785714285714,78,178,14.9047619047619,28,"One-Handed Backhand","Right-Handed"
"116","d833",1208.26315789474,86,191,1,27.8421052631579,"One-Handed Backhand","Right-Handed"
"117","d862",1268.80952380952,86,193,1.57142857142857,28.7857142857143,"One-Handed Backhand","Right-Handed"
"118","d864",98.2857142857143,74,185,29.1428571428571,26.6190476190476,"Two-Handed Backhand","Right-Handed"
"119","d868",675.904761904762,71,178,19.547619047619,26.7857142857143,"Two-Handed Backhand","Right-Handed"
"120","d874",74.5952380952381,88,191,20.4285714285714,26.1666666666667,"Two-Handed Backhand","Left-Handed"
"121","d875",10.8095238095238,80,191,23.6666666666667,25.5952380952381,"One-Handed Backhand","Right-Handed"
"122","d908",1475.09523809524,79,183,3.4047619047619,24.2619047619048,"One-Handed Backhand","Right-Handed"
"123","d917",298.857142857143,79,185,20.452380952381,26.2380952380952,"One-Handed Backhand","Right-Handed"
"124","d923",69.8095238095238,70,175,25.952380952381,24.5952380952381,"Two-Handed Backhand","Right-Handed"
"125","d981",136.52380952381,73,183,25.7142857142857,24.7619047619048,"Two-Handed Backhand","Right-Handed"
"126","d994",166.547619047619,82,183,12.7142857142857,24.9285714285714,"Two-Handed Backhand","Right-Handed"
"127","da13",389.666666666667,70,180,21.9285714285714,24.5238095238095,"One-Handed Backhand","Right-Handed"
"128","da23",1195.88095238095,75,178,12.9047619047619,26.7857142857143,"Two-Handed Backhand","Right-Handed"
"129","da44",1774.83333333333,78,180,2.11111111111111,24,"Two-Handed Backhand","Right-Handed"
"130","da67",269.309523809524,74,185,20.5952380952381,21.8095238095238,"Two-Handed Backhand","Right-Handed"
"131","da81",106.904761904762,76,191,23.8333333333333,23.9285714285714,"Two-Handed Backhand","Right-Handed"
"132","da86",212.666666666667,86,191,24.1666666666667,23.6904761904762,"Two-Handed Backhand","Right-Handed"
"133","da89",521.833333333333,86,196,21.5714285714286,23.6666666666667,"Two-Handed Backhand","Right-Handed"
"134","db59",302.880952380952,80,183,20.5714285714286,23.2857142857143,"Two-Handed Backhand","Right-Handed"
"135","db63",133.595238095238,80,185,29.1190476190476,21.547619047619,"Two-Handed Backhand","Right-Handed"
"136","dc58",71.5476190476191,75,188,25.1428571428571,20.1428571428571,"Two-Handed Backhand","Right-Handed"
"137","dd50",1524.09756097561,85,185,12.8292682926829,25,"Two-Handed Backhand","Right-Handed"
"138","df92",461.095238095238,77,185,23.5714285714286,19.547619047619,"Two-Handed Backhand","Left-Handed"
"139","dh58",227.571428571429,69,180,20.1904761904762,17.8571428571429,"Two-Handed Backhand","Right-Handed"
"140","e121",1754.5625,86,193,1.90625,45.3125,"Two-Handed Backhand","Right-Handed"
"141","e224",91.9047619047619,77,170,24.6904761904762,36.3571428571429,"One-Handed Backhand","Right-Handed"
"142","e655",647.238095238095,82,185,5.66666666666667,28.5952380952381,"Two-Handed Backhand","Right-Handed"
"143","e678",312.190476190476,79,180,23.3571428571429,26.5714285714286,"Two-Handed Backhand","Left-Handed"
"144","e687",73.6190476190476,75,175,18,26.5714285714286,"One-Handed Backhand","Right-Handed"
"145","e688",402.714285714286,80,188,21.6904761904762,27,"Two-Handed Backhand","Right-Handed"
"146","e690",280.619047619048,80,188,12.6428571428571,29,"Two-Handed Backhand","Right-Handed"
"147","e698",116.119047619048,76,183,28.9285714285714,26,"Two-Handed Backhand","Right-Handed"
"148","e708",864.285714285714,82,191,13.1904761904762,27.5952380952381,"Two-Handed Backhand","Left-Handed"
"149","e831",47.6666666666667,83,188,24.2857142857143,21.9761904761905,"Two-Handed Backhand","Right-Handed"
"150","e857",972.466666666667,85,193,7.53333333333333,22,"Two-Handed Backhand","Right-Handed"
"151","e865",498.02380952381,82,201,6.21428571428571,20.6428571428571,"One-Handed Backhand","Right-Handed"
"152","e873",94.8809523809524,82,185,23.9047619047619,20.452380952381,"Two-Handed Backhand","Right-Handed"
"153","f324",5.26190476190476,85,185,14.8809523809524,35.3333333333333,"One-Handed Backhand","Right-Handed"
"154","f401",31.2142857142857,73,175,22.8571428571429,34.7619047619048,"Two-Handed Backhand","Right-Handed"
"155","f444",317.52380952381,77,185,15.5238095238095,33.0238095238095,"Two-Handed Backhand","Left-Handed"
"156","f510",31.7857142857143,74,178,24.3571428571429,29.5714285714286,"Two-Handed Backhand","Right-Handed"
"157","f586",108.785714285714,69,173,24.0952380952381,27.5714285714286,"Two-Handed Backhand","Right-Handed"
"158","f723",1733.83333333333,75,183,7.40476190476191,31.7142857142857,"One-Handed Backhand","Right-Handed"
"159","f724",128.190476190476,82,188,23.4285714285714,24.8809523809524,"Two-Handed Backhand","Right-Handed"
"160","f733",1247.48780487805,79,185,3.31707317073171,24.1219512195122,"Two-Handed Backhand","Right-Handed"
"161","f811",122.642857142857,79,183,24.7619047619048,23.4047619047619,"Two-Handed Backhand","Right-Handed"
"162","f858",1302.92857142857,83,193,17.5,24.2619047619048,"Two-Handed Backhand","Right-Handed"
"163","fb98",115.214285714286,84,193,24.3571428571429,19.0952380952381,"Two-Handed Backhand","Right-Handed"
"164","g476",109.666666666667,80,185,29.6904761904762,33.5476190476191,"One-Handed Backhand","Right-Handed"
"165","g585",197.952380952381,75,175,19.2380952380952,33.4047619047619,"Two-Handed Backhand","Right-Handed"
"166","g628",25.7857142857143,75,185,20.6428571428571,30.5238095238095,"One-Handed Backhand","Right-Handed"
"167","g676",300.5,80,183,16.8333333333333,31.3571428571429,"Two-Handed Backhand","Right-Handed"
"168","g681",186.095238095238,83,188,24.547619047619,31.5714285714286,"Two-Handed Backhand","Right-Handed"
"169","g710",93.4523809523809,77,191,25.8571428571429,30.7142857142857,"Two-Handed Backhand","Right-Handed"
"170","g725",121.97619047619,75,188,23.3095238095238,29,"Two-Handed Backhand","Right-Handed"
"171","g806",457.309523809524,79,183,12.6904761904762,29.4047619047619,"One-Handed Backhand","Right-Handed"
"172","g820",530.547619047619,80,180,19.9047619047619,22.6190476190476,"Two-Handed Backhand","Right-Handed"
"173","g858",246.714285714286,88,193,9.71428571428571,28.2619047619048,"Two-Handed Backhand","Right-Handed"
"174","g892",383.190476190476,83,191,15.8333333333333,27.8809523809524,"Two-Handed Backhand","Right-Handed"
"175","g940",193.095238095238,100,193,21.7380952380952,29.1190476190476,"One-Handed Backhand","Right-Handed"
"176","g967",120.142857142857,83,188,19.7857142857143,27.4285714285714,"Two-Handed Backhand","Right-Handed"
"177","g983",117.333333333333,82,185,21.5,26.547619047619,"Two-Handed Backhand","Left-Handed"
"178","g985",500.714285714286,85,191,21.5238095238095,26.6666666666667,"Two-Handed Backhand","Right-Handed"
"179","ga48",455.071428571429,80,185,27.1428571428571,26.2619047619048,"Two-Handed Backhand","Right-Handed"
"180","ga71",256.142857142857,76,183,24.9285714285714,25.3333333333333,"Two-Handed Backhand","Right-Handed"
"181","ga79",208.357142857143,80,183,31.6428571428571,25.2619047619048,"Two-Handed Backhand","Right-Handed"
"182","ga94",267.190476190476,80,188,19.5238095238095,27.047619047619,"Two-Handed Backhand","Left-Handed"
"183","gb42",401.52380952381,83,188,17.9285714285714,25.3333333333333,"Two-Handed Backhand","Right-Handed"
"184","gb53",209.190476190476,84,180,24.0238095238095,24.8095238095238,"One-Handed Backhand","Right-Handed"
"185","gb61",414.095238095238,88,193,12.7857142857143,26.2142857142857,"Two-Handed Backhand","Right-Handed"
"186","gb71",358.404761904762,76,183,31.2857142857143,25.5238095238095,"One-Handed Backhand","Right-Handed"
"187","gb76",1511.19047619048,78,188,5.52380952380952,30.4285714285714,"Two-Handed Backhand","Right-Handed"
"188","gb88",11.5,68,180,24.9047619047619,26,"Two-Handed Backhand","Right-Handed"
"189","gb93",103.97619047619,85,196,28.6904761904762,26.3333333333333,"Two-Handed Backhand","Right-Handed"
"190","gb94",540,77,180,25.6190476190476,24.952380952381,"Two-Handed Backhand","Right-Handed"
"191","gc38",736.545454545455,84,188,4.18181818181818,23.7272727272727,"Two-Handed Backhand","Right-Handed"
"192","gc54",609.738095238095,80,188,14.7857142857143,25.952380952381,"Two-Handed Backhand","Right-Handed"
"193","gc87",714.142857142857,72,178,20.6666666666667,21.3333333333333,"Two-Handed Backhand","Left-Handed"
"194","gc88",346.309523809524,77,180,17.952380952381,23.4047619047619,"Two-Handed Backhand","Right-Handed"
"195","gc89",213.047619047619,84,183,13.9285714285714,24.047619047619,"Two-Handed Backhand","Right-Handed"
"196","gd08",420.738095238095,85,191,16.4047619047619,23.0238095238095,"Two-Handed Backhand","Right-Handed"
"197","gd64",209.380952380952,85,185,21.3333333333333,20.547619047619,"Two-Handed Backhand","Right-Handed"
"198","gd84",618.190476190476,84,193,17.7857142857143,22.3333333333333,"Two-Handed Backhand","Right-Handed"
"199","gd91",490.02380952381,81,183,19,22.7857142857143,"Two-Handed Backhand","Right-Handed"
"200","ge03",852.857142857143,86,188,3.61904761904762,22.6666666666667,"Two-Handed Backhand","Right-Handed"
"201","ge09",1354.09523809524,75,178,8.64285714285714,24.9761904761905,"Two-Handed Backhand","Left-Handed"
"202","ge28",354.738095238095,83,193,24.3333333333333,20.0714285714286,"Two-Handed Backhand","Left-Handed"
"203","ge33",338.119047619048,72,191,18.6904761904762,20.5238095238095,"Two-Handed Backhand","Right-Handed"
"204","gj37",293.571428571429,82,188,26.1904761904762,20.4761904761905,"Two-Handed Backhand","Right-Handed"
"205","h355",450.564102564103,84,188,9.02564102564103,38.8205128205128,"One-Handed Backhand","Right-Handed"
"206","h432",636,77,178,1,35,"Two-Handed Backhand","Right-Handed"
"207","h442",935.214285714286,83,188,5.57142857142857,37.4523809523809,"Two-Handed Backhand","Right-Handed"
"208","h528",1028.14285714286,88,198,1,35,"One-Handed Backhand","Right-Handed"
"209","h624",805.571428571429,82,188,5.42857142857143,36,"Two-Handed Backhand","Right-Handed"
"210","h693",629.595238095238,80,180,21.6904761904762,31.6190476190476,"Two-Handed Backhand","Right-Handed"
"211","h756",46.1904761904762,71,191,28.3095238095238,29.7380952380952,"Two-Handed Backhand","Right-Handed"
"212","h804",638,89,191,5.38095238095238,30,"Two-Handed Backhand","Right-Handed"
"213","h808",1630.27272727273,82,188,2.63636363636364,27.6969696969697,"Two-Handed Backhand","Right-Handed"
"214","h836",1491.04761904762,83,193,9.09523809523809,28,"Two-Handed Backhand","Right-Handed"
"215","h896",286.857142857143,77,183,22.5238095238095,26.7857142857143,"Two-Handed Backhand","Right-Handed"
"216","h938",1359.06060606061,82,183,13.2121212121212,27,"Two-Handed Backhand","Left-Handed"
"217","h940",49.9523809523809,84,185,24.7857142857143,24.6428571428571,"Two-Handed Backhand","Right-Handed"
"218","h996",77.5238095238095,79,188,20.3095238095238,25.7857142857143,"Two-Handed Backhand","Right-Handed"
"219","h997",206.666666666667,84,193,22.6666666666667,25.047619047619,"Two-Handed Backhand","Right-Handed"
"220","ha33",1199.83333333333,75,188,5.88095238095238,24.3333333333333,"Two-Handed Backhand","Right-Handed"
"221","hb05",340.619047619048,77,180,17.452380952381,22.5714285714286,"Two-Handed Backhand","Right-Handed"
"222","hb29",931.65,82,183,3.3,22.825,"One-Handed Backhand","Right-Handed"
"223","hb35",315.547619047619,75,185,23.1904761904762,21.547619047619,"Two-Handed Backhand","Right-Handed"
"224","hb41",445.809523809524,79,185,24.7142857142857,22.452380952381,"Two-Handed Backhand","Right-Handed"
"225","hb48",235.214285714286,85,188,24.0714285714286,21.9285714285714,"Two-Handed Backhand","Right-Handed"
"226","hb64",136.071428571429,78,191,29.3809523809524,20.0952380952381,"Two-Handed Backhand","Right-Handed"
"227","hb89",1279.8,83,185,5,21.8666666666667,"Two-Handed Backhand","Right-Handed"
"228","hc99",413.880952380952,78,188,29.6904761904762,20,"One-Handed Backhand","Right-Handed"
"229","hh48",782.333333333333,84,183,18.2619047619048,22.6904761904762,"One-Handed Backhand","Right-Handed"
"230","i165",75.8571428571429,88,188,24.5238095238095,30.2619047619048,"Two-Handed Backhand","Right-Handed"
"231","i186",19.7380952380952,108,208,22.2380952380952,31.6666666666667,"Two-Handed Backhand","Right-Handed"
"232","i230",171.690476190476,75,180,24.0714285714286,28.5952380952381,"Two-Handed Backhand","Right-Handed"
"233","i277",1577.02380952381,76,178,4.78571428571429,28.2619047619048,"Two-Handed Backhand","Right-Handed"
"234","i305",198.404761904762,83,196,21.1904761904762,22.8333333333333,"Two-Handed Backhand","Right-Handed"
"235","i306",284.452380952381,79,185,27.2619047619048,21.3095238095238,"Two-Handed Backhand","Right-Handed"
"236","i326",1012.33333333333,70,175,8.42857142857143,21.1428571428571,"Two-Handed Backhand","Right-Handed"
"237","i335",1662.66666666667,75,183,1,23.9444444444444,"Two-Handed Backhand","Right-Handed"
"238","j267",71.0714285714286,82,185,30.452380952381,32.9285714285714,"Two-Handed Backhand","Right-Handed"
"239","j321",917.642857142857,90,185,3.42857142857143,27,"Two-Handed Backhand","Right-Handed"
"240","j380",198.857142857143,69,180,19.9047619047619,27.5238095238095,"Two-Handed Backhand","Right-Handed"
"241","j386",33.8095238095238,86,188,27.1190476190476,27,"Two-Handed Backhand","Right-Handed"
"242","j393",492.785714285714,77,183,11.3333333333333,26,"Two-Handed Backhand","Right-Handed"
"243","j397",163.928571428571,94,203,16.1428571428571,26.047619047619,"Two-Handed Backhand","Right-Handed"
"244","j400",230.333333333333,73,178,27.5,26.7380952380952,"One-Handed Backhand","Right-Handed"
"245","j439",1118.88888888889,96,198,5.11111111111111,26,"Two-Handed Backhand","Right-Handed"
"246","j465",1059.16666666667,85,178,15.9761904761905,23.2380952380952,"Two-Handed Backhand","Right-Handed"
"247","j505",1176.28571428571,82,188,9.66666666666667,23.8571428571429,"Two-Handed Backhand","Right-Handed"
"248","j513",782.047619047619,75,180,11.0952380952381,22.1904761904762,"Two-Handed Backhand","Right-Handed"
"249","j551",185.142857142857,87,198,22.9047619047619,21.1428571428571,"Two-Handed Backhand","Right-Handed"
"250","j553",264.571428571429,60,183,15.0714285714286,19.5952380952381,"Two-Handed Backhand","Left-Handed"
"251","j557",398.190476190476,72,180,23.2142857142857,24.047619047619,"Two-Handed Backhand","Left-Handed"
"252","j620",280,80,193,25.5238095238095,20.1190476190476,"Two-Handed Backhand","Right-Handed"
"253","k0a4",1280.69047619048,64,185,6.85714285714286,17.7857142857143,"Two-Handed Backhand","Right-Handed"
"254","k336",33.6904761904762,104,211,24.452380952381,37.8095238095238,"One-Handed Backhand","Right-Handed"
"255","k435",37.7142857142857,70,178,23.3809523809524,33.1428571428571,"One-Handed Backhand","Right-Handed"
"256","k457",1756.5,77,178,1.9,34,"One-Handed Backhand","Right-Handed"
"257","k540",1006.5,86,191,1.33333333333333,34,"Two-Handed Backhand","Right-Handed"
"258","k737",492.115384615385,78,183,8.38461538461539,29.8461538461538,"Two-Handed Backhand","Right-Handed"
"259","k771",265.619047619048,80,191,27.3333333333333,29.547619047619,"Two-Handed Backhand","Right-Handed"
"260","k776",141.5,80,191,26.3571428571429,31.8333333333333,"Two-Handed Backhand","Right-Handed"
"261","k834",122.166666666667,78,188,24.6190476190476,29.8095238095238,"Two-Handed Backhand","Right-Handed"
"262","k839",165.404761904762,76,178,24.8809523809524,30.5952380952381,"Two-Handed Backhand","Right-Handed"
"263","k905",1485.81818181818,85,191,3,30,"Two-Handed Backhand","Right-Handed"
"264","k906",378.238095238095,78,183,27.4285714285714,27.1428571428571,"Two-Handed Backhand","Left-Handed"
"265","k909",487.309523809524,83,188,18.7142857142857,27.3333333333333,"Two-Handed Backhand","Right-Handed"
"266","k926",91.3571428571429,72,183,22.2619047619048,29,"Two-Handed Backhand","Right-Handed"
"267","k964",249.738095238095,83,188,25.1428571428571,27,"Two-Handed Backhand","Right-Handed"
"268","k966",88.1190476190476,80,191,23.1190476190476,27.4285714285714,"Two-Handed Backhand","Left-Handed"
"269","ka00",284.238095238095,79,188,24.0952380952381,26.5238095238095,"Two-Handed Backhand","Left-Handed"
"270","ka98",527.833333333333,75,183,10.3095238095238,26.3095238095238,"Two-Handed Backhand","Left-Handed"
"271","kb05",168.952380952381,75,185,18.2857142857143,24.8333333333333,"Two-Handed Backhand","Right-Handed"
"272","kb09",163.357142857143,75,180,25.9285714285714,24.3095238095238,"Two-Handed Backhand","Right-Handed"
"273","kb14",576.547619047619,86,191,8.64285714285714,25.8095238095238,"Two-Handed Backhand","Left-Handed"
"274","kb37",303.214285714286,79,185,30.452380952381,24.7619047619048,"Two-Handed Backhand","Left-Handed"
"275","kb54",76.5238095238095,71,185,24.4285714285714,25.8333333333333,"Two-Handed Backhand","Right-Handed"
"276","kb92",352.404761904762,83,191,13.9761904761905,24.9285714285714,"Two-Handed Backhand","Right-Handed"
"277","kb95",1018.85,74,178,6.1,23.625,"Two-Handed Backhand","Right-Handed"
"278","kc04",148.309523809524,82,183,23.6666666666667,24.0714285714286,"Two-Handed Backhand","Right-Handed"
"279","kc12",193.309523809524,82,188,29.7619047619048,22.952380952381,"Two-Handed Backhand","Right-Handed"
"280","kc29",96.7380952380952,75,178,27.8333333333333,24.3095238095238,"One-Handed Backhand","Right-Handed"
"281","kc33",474.809523809524,72,183,20.4047619047619,23.3809523809524,"Two-Handed Backhand","Right-Handed"
"282","kc44",1436.45238095238,80,185,10.2857142857143,24.452380952381,"Two-Handed Backhand","Right-Handed"
"283","kc74",1932.475,64,173,4.525,24.725,"Two-Handed Backhand","Right-Handed"
"284","kc86",143.333333333333,77,188,21.952380952381,24.6666666666667,"Two-Handed Backhand","Right-Handed"
"285","kd35",598.166666666667,75,188,10.2619047619048,21.8809523809524,"Two-Handed Backhand","Right-Handed"
"286","kd46",335.391304347826,82,196,7.52173913043478,21,"Two-Handed Backhand","Right-Handed"
"287","kd70",269.690476190476,73,183,24.0952380952381,22.2619047619048,"Two-Handed Backhand","Right-Handed"
"288","kd77",1520.09523809524,68,180,7.35714285714286,21.2380952380952,"Two-Handed Backhand","Left-Handed"
"289","kd87",426.166666666667,85,191,19.1428571428571,22.3571428571429,"Two-Handed Backhand","Right-Handed"
"290","ke17",18.3809523809524,85,193,19.5714285714286,21.6666666666667,"Two-Handed Backhand","Right-Handed"
"291","ke19",618.071428571429,82,188,18.3809523809524,22.547619047619,"Two-Handed Backhand","Right-Handed"
"292","ke29",42.9285714285714,88,198,27.2380952380952,20.5952380952381,"Two-Handed Backhand","Right-Handed"
"293","ke64",132.880952380952,79,183,27.7619047619048,18.9047619047619,"Two-Handed Backhand","Right-Handed"
"294","kf17",227.833333333333,72,180,21.4047619047619,19,"Two-Handed Backhand","Right-Handed"
"295","kg28",1463,80,191,12.3703703703704,20,"Two-Handed Backhand","Right-Handed"
"296","kh77",1074.80952380952,83,191,13.8809523809524,21.6666666666667,"Two-Handed Backhand","Right-Handed"
"297","ki71",953.952380952381,83,193,14.2619047619048,19.1428571428571,"One-Handed Backhand","Right-Handed"
"298","ki74",484.166666666667,75,185,13.8809523809524,16.7619047619048,"Two-Handed Backhand","Right-Handed"
"299","l397",32.8571428571429,73,185,24.9047619047619,35.2142857142857,"One-Handed Backhand","Left-Handed"
"300","l430",703.642857142857,91,193,7.21428571428571,33.9285714285714,"Two-Handed Backhand","Right-Handed"
"301","l503",38.0476190476191,77,183,32.1904761904762,35,"Two-Handed Backhand","Right-Handed"
"302","l575",65.0476190476191,74,180,25,33.3333333333333,"Two-Handed Backhand","Right-Handed"
"303","l702",1253.14285714286,82,188,4,30,"Two-Handed Backhand","Right-Handed"
"304","l733",266.833333333333,78,183,24.3571428571429,30.2142857142857,"Two-Handed Backhand","Right-Handed"
"305","l797",112,85,185,24.3333333333333,29.0714285714286,"Two-Handed Backhand","Right-Handed"
"306","l801",1378,85,188,3,28,"Two-Handed Backhand","Left-Handed"
"307","l872",645.357142857143,80,185,20.1666666666667,27.6428571428571,"Two-Handed Backhand","Left-Handed"
"308","l908",375.761904761905,77,193,15.047619047619,26.9285714285714,"One-Handed Backhand","Right-Handed"
"309","l941",282.071428571429,77,180,28.3571428571429,27.0714285714286,"Two-Handed Backhand","Right-Handed"
"310","l949",108.404761904762,78,185,30.0714285714286,24.7619047619048,"Two-Handed Backhand","Right-Handed"
"311","l950",370.761904761905,69,183,24.9285714285714,26.452380952381,"Two-Handed Backhand","Left-Handed"
"312","l987",81.7142857142857,78,183,26.2380952380952,26.4761904761905,"One-Handed Backhand","Right-Handed"
"313","la54",769.595238095238,73,178,26.547619047619,25.0714285714286,"Two-Handed Backhand","Right-Handed"
"314","la94",369.380952380952,87,193,23.7142857142857,25.0238095238095,"Two-Handed Backhand","Right-Handed"
"315","lb20",858.047619047619,79,183,22.8095238095238,24.7619047619048,"Two-Handed Backhand","Right-Handed"
"316","lb51",648.166666666667,82,188,11.2142857142857,23.8571428571429,"Two-Handed Backhand","Right-Handed"
"317","lb66",273.214285714286,72,180,18.0952380952381,24.5714285714286,"Two-Handed Backhand","Right-Handed"
"318","lb84",382.714285714286,70,180,24.3571428571429,23.3095238095238,"Two-Handed Backhand","Right-Handed"
"319","lc11",236.928571428571,69,183,23.5238095238095,23.8095238095238,"Two-Handed Backhand","Right-Handed"
"320","ld35",1856.35714285714,85,188,4.07142857142857,22.7857142857143,"Two-Handed Backhand","Right-Handed"
"321","le01",155.928571428571,75,175,30.3571428571429,18.5714285714286,"Two-Handed Backhand","Right-Handed"
"322","le38",446.857142857143,78,193,18.8571428571429,22.3095238095238,"Two-Handed Backhand","Right-Handed"
"323","lf26",545.571428571429,78,180,11.6190476190476,18.8809523809524,"Two-Handed Backhand","Right-Handed"
"324","lf29",433.714285714286,78,185,20.8809523809524,19.547619047619,"Two-Handed Backhand","Right-Handed"
"325","lg87",1765.375,91,193,2,21.3333333333333,"Two-Handed Backhand","Right-Handed"
"326","li39",620.285714285714,72,188,17.0238095238095,19.0714285714286,"One-Handed Backhand","Right-Handed"
"327","m0bn",1135.35714285714,69,178,7.42857142857143,17.9285714285714,"Two-Handed Backhand","Right-Handed"
"328","m762",169.880952380952,81,183,13.9761904761905,35.5952380952381,"Two-Handed Backhand","Left-Handed"
"329","m824",219.277777777778,70,175,16.5,36,"One-Handed Backhand","Right-Handed"
"330","m850",162.833333333333,74,185,22.7619047619048,34.9523809523809,"Two-Handed Backhand","Right-Handed"
"331","m873",77.1666666666667,80,191,20.8571428571429,34.9285714285714,"One-Handed Backhand","Right-Handed"
"332","m915",447.452380952381,75,178,13.547619047619,34.9285714285714,"Two-Handed Backhand","Left-Handed"
"333","ma21",109.2,81,185,13.3,32.5,"Two-Handed Backhand","Right-Handed"
"334","ma30",25.8095238095238,89,193,23.6904761904762,33.6190476190476,"Two-Handed Backhand","Left-Handed"
"335","ma38",388.428571428571,84,191,23.1428571428571,34.9761904761905,"Two-Handed Backhand","Right-Handed"
"336","ma49",1222.8125,70,178,3.8125,32.25,"Two-Handed Backhand","Right-Handed"
"337","mb02",64.2857142857143,82,191,22.952380952381,33.1666666666667,"Two-Handed Backhand","Right-Handed"
"338","mb53",171.166666666667,74,183,26.3333333333333,31.0952380952381,"Two-Handed Backhand","Right-Handed"
"339","mb88",1083.69047619048,85,191,1,33.2619047619048,"Two-Handed Backhand","Right-Handed"
"340","mc10",2.5,84,191,17.3809523809524,29.6190476190476,"Two-Handed Backhand","Right-Handed"
"341","mc65",21.4285714285714,80,193,17.3333333333333,30.2619047619048,"Two-Handed Backhand","Right-Handed"
"342","md56",109.761904761905,80,191,20.9761904761905,29.6190476190476,"One-Handed Backhand","Right-Handed"
"343","me04",964.578947368421,100,198,1,30,"One-Handed Backhand","Right-Handed"
"344","me05",382.02380952381,86,193,14.6666666666667,31.3333333333333,"Two-Handed Backhand","Right-Handed"
"345","me31",163.428571428571,75,173,23.7857142857143,30.9285714285714,"Two-Handed Backhand","Left-Handed"
"346","me56",733.97619047619,70,180,3.73809523809524,28.7857142857143,"Two-Handed Backhand","Right-Handed"
"347","me64",456.238095238095,85,193,8.80952380952381,29.1190476190476,"Two-Handed Backhand","Right-Handed"
"348","me82",46.5714285714286,70,180,30.3809523809524,28.4761904761905,"Two-Handed Backhand","Left-Handed"
"349","me89",144.166666666667,82,185,23.7857142857143,29.2619047619048,"Two-Handed Backhand","Right-Handed"
"350","mf09",556.47619047619,80,183,9.83333333333333,28,"Two-Handed Backhand","Right-Handed"
"351","mf71",630.880952380952,83,191,13.452380952381,29.5952380952381,"Two-Handed Backhand","Right-Handed"
"352","mf90",342.571428571429,89,188,19,28.4761904761905,"Two-Handed Backhand","Right-Handed"
"353","mg47",249.738095238095,80,183,18.3333333333333,29.547619047619,"Two-Handed Backhand","Right-Handed"
"354","mg54",415.119047619048,74,173,15.2857142857143,28.547619047619,"Two-Handed Backhand","Right-Handed"
"355","mh16",212.738095238095,68,185,23.5,27.0952380952381,"Two-Handed Backhand","Right-Handed"
"356","mh30",146.357142857143,79,183,17.5714285714286,27.5238095238095,"Two-Handed Backhand","Right-Handed"
"357","mh98",1205.38709677419,75,180,1,25.8387096774194,"Two-Handed Backhand","Right-Handed"
"358","mi01",220.214285714286,65,170,24.4761904761905,26.1428571428571,"Two-Handed Backhand","Right-Handed"
"359","mi43",120.595238095238,80,188,26.0238095238095,26.4285714285714,"Two-Handed Backhand","Left-Handed"
"360","mj01",721.142857142857,88,193,9.45238095238095,27.2619047619048,"One-Handed Backhand","Right-Handed"
"361","mj08",101.595238095238,78,183,26.1190476190476,22.547619047619,"Two-Handed Backhand","Left-Handed"
"362","mj56",955.404761904762,74,178,9.35714285714286,24.7619047619048,"Two-Handed Backhand","Right-Handed"
"363","mj69",758.095238095238,81,183,15.2619047619048,24.8571428571429,"One-Handed Backhand","Right-Handed"
"364","mj71",340,84,198,22.7380952380952,24.5,"Two-Handed Backhand","Left-Handed"
"365","mj89",346.261904761905,85,188,19.6666666666667,24.8809523809524,"Two-Handed Backhand","Right-Handed"
"366","mj98",383.738095238095,85,183,28.7142857142857,24.2142857142857,"One-Handed Backhand","Right-Handed"
"367","mk08",841.333333333333,83,185,17.7619047619048,24.7380952380952,"Two-Handed Backhand","Right-Handed"
"368","mk39",1586.14285714286,72,175,11.6,22.7142857142857,"Two-Handed Backhand","Right-Handed"
"369","ml51",1208,78,188,16.8809523809524,23.8571428571429,"Two-Handed Backhand","Right-Handed"
"370","ml73",1171.57142857143,86,193,4.59523809523809,21.4047619047619,"Two-Handed Backhand","Right-Handed"
"371","mm58",60.9285714285714,81,198,25.9761904761905,20.8809523809524,"Two-Handed Backhand","Right-Handed"
"372","mm66",178.880952380952,76,188,26.7619047619048,21.5238095238095,"Two-Handed Backhand","Right-Handed"
"373","mm78",684.761904761905,75,183,20.1190476190476,21.7380952380952,"Two-Handed Backhand","Right-Handed"
"374","mm79",253.619047619048,77,180,23.452380952381,20.6904761904762,"Two-Handed Backhand","Right-Handed"
"375","mn03",1845.61538461538,85,191,2.84615384615385,21.7435897435897,"Two-Handed Backhand","Right-Handed"
"376","mn08",1152.62068965517,76,178,3.93103448275862,25,"Two-Handed Backhand","Right-Handed"
"377","mn13",129.690476190476,84,191,23.5238095238095,21.5238095238095,"Two-Handed Backhand","Left-Handed"
"378","mn20",237.5,79,183,24.0952380952381,22.0714285714286,"Two-Handed Backhand","Right-Handed"
"379","mn23",599.48275862069,78,183,12.7931034482759,23.0344827586207,"Two-Handed Backhand","Right-Handed"
"380","mn44",430.119047619048,82,188,22.5714285714286,20.9761904761905,"One-Handed Backhand","Right-Handed"
"381","mo07",1488.26315789474,78,185,3.94736842105263,24.1578947368421,"One-Handed Backhand","Right-Handed"
"382","mo44",287.880952380952,70,183,30.3809523809524,19.6666666666667,"Two-Handed Backhand","Right-Handed"
"383","mo55",350.238095238095,77,180,20.547619047619,20.5,"One-Handed Backhand","Right-Handed"
"384","mp01",172.119047619048,85,185,21.2380952380952,18.952380952381,"Two-Handed Backhand","Right-Handed"
"385","mp13",446.571428571429,76,185,30.5952380952381,19.952380952381,"Two-Handed Backhand","Right-Handed"
"386","mu94",245.809523809524,78,183,24.952380952381,19.6428571428571,"Two-Handed Backhand","Right-Handed"
"387","mw02",347.309523809524,65,175,20.5,17.6904761904762,"Two-Handed Backhand","Left-Handed"
"388","mw54",740.833333333333,85,191,18.2380952380952,19.2380952380952,"Two-Handed Backhand","Left-Handed"
"389","n390",537.452380952381,86,188,11.7380952380952,33.2857142857143,"Two-Handed Backhand","Right-Handed"
"390","n409",3.5,85,185,15.4047619047619,30.547619047619,"Two-Handed Backhand","Left-Handed"
"391","n437",1033.10526315789,90,193,6.21052631578947,29.9473684210526,"One-Handed Backhand","Right-Handed"
"392","n480",1175.78571428571,69,173,1.21428571428571,28,"Two-Handed Backhand","Left-Handed"
"393","n503",213.166666666667,81,193,20.1666666666667,29.8571428571429,"Two-Handed Backhand","Right-Handed"
"394","n552",9.80952380952381,75,178,19.8571428571429,27,"Two-Handed Backhand","Right-Handed"
"395","n555",336.880952380952,73,173,16.7619047619048,26.1428571428571,"Two-Handed Backhand","Right-Handed"
"396","n558",336.690476190476,72,180,25.1666666666667,26.7857142857143,"Two-Handed Backhand","Right-Handed"
"397","n583",1499.42857142857,90,173,16.1190476190476,25.5714285714286,"Two-Handed Backhand","Right-Handed"
"398","n598",352.547619047619,73,183,23.5714285714286,29.1428571428571,"Two-Handed Backhand","Right-Handed"
"399","n607",646.190476190476,65,183,13.7380952380952,28.4761904761905,"Two-Handed Backhand","Left-Handed"
"400","n670",459.714285714286,77,185,18.9047619047619,25.8571428571429,"One-Handed Backhand","Right-Handed"
"401","n674",192.738095238095,91,193,29.3571428571429,23.0714285714286,"Two-Handed Backhand","Right-Handed"
"402","n679",176.404761904762,90,196,24.4761904761905,21.7142857142857,"Two-Handed Backhand","Right-Handed"
"403","n732",92.8809523809524,64,170,22.452380952381,21.1904761904762,"Two-Handed Backhand","Left-Handed"
"404","n771",209.357142857143,80,188,15.547619047619,21.2857142857143,"Two-Handed Backhand","Left-Handed"
"405","n830",738.357142857143,67,170,22.5952380952381,19.7619047619048,"Two-Handed Backhand","Right-Handed"
"406","n897",338.738095238095,68,175,17.9047619047619,19.3095238095238,"Two-Handed Backhand","Right-Handed"
"407","o327",583.166666666667,74,175,5.66666666666667,29,"Two-Handed Backhand","Right-Handed"
"408","o376",106,73,180,27.1904761904762,24.7857142857143,"Two-Handed Backhand","Right-Handed"
"409","o411",329.309523809524,104,203,20.7142857142857,25,"One-Handed Backhand","Right-Handed"
"410","o427",917.457142857143,76,185,16.1142857142857,24.5142857142857,"Two-Handed Backhand","Left-Handed"
"411","o474",604.261904761905,80,183,16.952380952381,21.8095238095238,"Two-Handed Backhand","Right-Handed"
"412","o482",321.47619047619,80,188,42.1666666666667,21.8571428571429,"Two-Handed Backhand","Left-Handed"
"413","o483",275.761904761905,78,183,25.6904761904762,22.547619047619,"One-Handed Backhand","Right-Handed"
"414","o513",209.642857142857,81,191,30.5952380952381,20.6190476190476,"Two-Handed Backhand","Right-Handed"
"415","o522",168.452380952381,100,211,19.7142857142857,19.2857142857143,"Two-Handed Backhand","Right-Handed"
"416","o675",1355.28571428571,78,188,10.5952380952381,18.5238095238095,"Two-Handed Backhand","Right-Handed"
"417","p605",480.595238095238,72,178,15.1428571428571,35.8809523809524,"Two-Handed Backhand","Right-Handed"
"418","p624",1222.22222222222,77,185,1,32,"One-Handed Backhand","Right-Handed"
"419","pa97",546.666666666667,75,178,18.2142857142857,30.0952380952381,"Two-Handed Backhand","Right-Handed"
"420","pb22",127.571428571429,79,183,26.8095238095238,28.5238095238095,"Two-Handed Backhand","Right-Handed"
"421","pb37",698.238095238095,78,183,8.92857142857143,28.9761904761905,"One-Handed Backhand","Right-Handed"
"422","pc09",820.333333333333,74,180,10.8333333333333,25.9285714285714,"Two-Handed Backhand","Right-Handed"
"423","pc11",99.8571428571429,83,185,20.952380952381,26.5952380952381,"Two-Handed Backhand","Left-Handed"
"424","pc33",587.285714285714,80,188,21.7380952380952,26.7619047619048,"Two-Handed Backhand","Right-Handed"
"425","pc36",1398.95238095238,75,173,6.19047619047619,29.0714285714286,"Two-Handed Backhand","Right-Handed"
"426","pc78",413.595238095238,96,196,16.5714285714286,27.7857142857143,"Two-Handed Backhand","Right-Handed"
"427","pd04",1647.38095238095,78,180,4.5,26.2380952380952,"Two-Handed Backhand","Right-Handed"
"428","pd07",99.6666666666667,84,193,23.1666666666667,26.5,"Two-Handed Backhand","Right-Handed"
"429","pd10",1541.64285714286,80,193,7.67857142857143,31.3928571428571,"Two-Handed Backhand","Right-Handed"
"430","pd31",42.4285714285714,80,196,32.6904761904762,27.6428571428571,"Two-Handed Backhand","Right-Handed"
"431","pe00",709.238095238095,85,191,20.047619047619,24.4285714285714,"Two-Handed Backhand","Right-Handed"
"432","pe02",293.714285714286,86,203,20.2142857142857,24.9285714285714,"Two-Handed Backhand","Right-Handed"
"433","pe39",1124.2619047619,95,198,10.3095238095238,27.047619047619,"Two-Handed Backhand","Right-Handed"
"434","pf00",996.4,83,193,1,23.8,"Two-Handed Backhand","Left-Handed"
"435","pf03",1198.04761904762,73,178,11.5238095238095,22.5238095238095,"Two-Handed Backhand","Right-Handed"
"436","pf39",17.7142857142857,81,185,23.3095238095238,22.8333333333333,"Two-Handed Backhand","Right-Handed"
"437","pf65",367.047619047619,72,178,22.6904761904762,22.9285714285714,"Two-Handed Backhand","Right-Handed"
"438","pg20",197.380952380952,85,191,30.8809523809524,20.0952380952381,"Two-Handed Backhand","Right-Handed"
"439","pg32",128.714285714286,76,185,22.8333333333333,22.1666666666667,"Two-Handed Backhand","Right-Handed"
"440","pg58",1477.72222222222,78,175,1.83333333333333,28,"Two-Handed Backhand","Right-Handed"
"441","pg94",227.809523809524,77,188,24.3571428571429,19.6428571428571,"Two-Handed Backhand","Right-Handed"
"442","ph19",1671.38095238095,79,188,8.35714285714286,21.9761904761905,"One-Handed Backhand","Right-Handed"
"443","ph42",641.119047619048,83,188,3.5,27.4761904761905,"Two-Handed Backhand","Left-Handed"
"444","pj17",1299.87804878049,78,180,7.36585365853659,19.5609756097561,"Two-Handed Backhand","Right-Handed"
"445","pj32",988.357142857143,67.5,180,14.4285714285714,18.8809523809524,"Two-Handed Backhand","Right-Handed"
"446","pl36",1113.95238095238,85,193,13.1666666666667,20.9047619047619,"Two-Handed Backhand","Right-Handed"
"447","pl56",275.095238095238,78,185,22.9761904761905,19.5952380952381,"Two-Handed Backhand","Right-Handed"
"448","q927",23.7619047619048,95,198,23.6428571428571,29.1666666666667,"Two-Handed Backhand","Right-Handed"
"449","q941",267.880952380952,88,193,23.6190476190476,24.8333333333333,"Two-Handed Backhand","Left-Handed"
"450","q945",455.119047619048,84,185,16.9761904761905,27.9285714285714,"Two-Handed Backhand","Right-Handed"
"451","q948",279.357142857143,84,191,17.452380952381,20.9047619047619,"Two-Handed Backhand","Left-Handed"
"452","q949",1601.35714285714,75,185,4.5,20.5,"Two-Handed Backhand","Right-Handed"
"453","r383",242.52380952381,74,183,22.0714285714286,38.9761904761905,"Two-Handed Backhand","Right-Handed"
"454","r419",267.714285714286,75,180,20.8571428571429,34.6666666666667,"One-Handed Backhand","Right-Handed"
"455","r548",246.547619047619,82,193,13.8809523809524,32.7857142857143,"One-Handed Backhand","Right-Handed"
"456","r612",165.928571428571,77,185,25.4285714285714,36.5952380952381,"Two-Handed Backhand","Right-Handed"
"457","r613",568.625,75,188,3.575,33,"Two-Handed Backhand","Right-Handed"
"458","r685",174.857142857143,84,196,24.047619047619,31.4047619047619,"Two-Handed Backhand","Right-Handed"
"459","r704",1504.57142857143,66,178,2.54761904761905,30.1666666666667,"Two-Handed Backhand","Right-Handed"
"460","r750",404.833333333333,78,183,11.0952380952381,28.7380952380952,"Two-Handed Backhand","Right-Handed"
"461","r772",23.5,80,188,30.8333333333333,28.9285714285714,"Two-Handed Backhand","Left-Handed"
"462","r782",837.5,87,188,4.25,30.6875,"One-Handed Backhand","Right-Handed"
"463","r851",1651.92857142857,76,180,1,31,"Two-Handed Backhand","Right-Handed"
"464","r862",530.261904761905,68,175,15.6428571428571,26.952380952381,"Two-Handed Backhand","Right-Handed"
"465","r931",704.833333333333,85,178,17.6904761904762,28.8095238095238,"One-Handed Backhand","Right-Handed"
"466","r960",523.833333333333,81,180,23.8809523809524,27.9761904761905,"One-Handed Backhand","Right-Handed"
"467","r975",8.57142857142857,98,196,20.2857142857143,26,"Two-Handed Backhand","Right-Handed"
"468","ra24",1265.19047619048,98,188,1.83333333333333,27.0238095238095,"Two-Handed Backhand","Right-Handed"
"469","ra51",243.857142857143,85,193,21.0714285714286,26.1666666666667,"Two-Handed Backhand","Left-Handed"
"470","ra62",542.071428571429,75,180,22.2857142857143,24.547619047619,"Two-Handed Backhand","Left-Handed"
"471","rb49",1597.54761904762,80,185,4.45238095238095,24.1904761904762,"Two-Handed Backhand","Right-Handed"
"472","rb56",211.52380952381,77,188,31.1904761904762,22.047619047619,"Two-Handed Backhand","Right-Handed"
"473","rb86",567.619047619048,70,175,21.8095238095238,23.6904761904762,"Two-Handed Backhand","Right-Handed"
"474","rc77",1353.83333333333,79,188,7.52380952380952,23.4047619047619,"Two-Handed Backhand","Right-Handed"
"475","rc83",893.214285714286,62,173,18.5,21.952380952381,"One-Handed Backhand","Left-Handed"
"476","rc92",2073.4375,81,191,8,21,"One-Handed Backhand","Right-Handed"
"477","rc96",192.428571428571,68,175,17.7142857142857,20.8333333333333,"Two-Handed Backhand","Right-Handed"
"478","rd34",854.285714285714,85,180,10.7857142857143,23.452380952381,"Two-Handed Backhand","Right-Handed"
"479","rd46",2066.54761904762,83,188,8.90476190476191,21.9285714285714,"One-Handed Backhand","Right-Handed"
"480","re44",86.7857142857143,68,188,23.6190476190476,19.1190476190476,"Two-Handed Backhand","Right-Handed"
"481","rh16",139.452380952381,77,183,24.5714285714286,18,"Two-Handed Backhand","Right-Handed"
"482","s483",156.285714285714,70,178,25.4285714285714,28.5714285714286,"Two-Handed Backhand","Right-Handed"
"483","s694",181.52380952381,76,185,8.40476190476191,38,"Two-Handed Backhand","Right-Handed"
"484","sa93",81.6666666666667,75,191,22.4285714285714,32.8333333333333,"Two-Handed Backhand","Right-Handed"
"485","sb28",1234.5,83,196,5.57142857142857,33.9523809523809,"Two-Handed Backhand","Left-Handed"
"486","sc47",138.404761904762,73,178,24.3095238095238,32.2619047619048,"Two-Handed Backhand","Right-Handed"
"487","sc56",81.9523809523809,65,175,23.4761904761905,31.7380952380952,"One-Handed Backhand","Right-Handed"
"488","sc73",78.5952380952381,73,178,31.452380952381,32.9047619047619,"One-Handed Backhand","Right-Handed"
"489","sc77",108.714285714286,80,193,28.5238095238095,30.9761904761905,"One-Handed Backhand","Right-Handed"
"490","sd32",40.0714285714286,70,183,25.1904761904762,32,"Two-Handed Backhand","Right-Handed"
"491","se69",1787.72,78,175,2.28,29,"Two-Handed Backhand","Right-Handed"
"492","se73",69.7380952380952,70,175,26.6428571428571,28.2142857142857,"Two-Handed Backhand","Right-Handed"
"493","sf36",470.309523809524,85,191,16.3571428571429,29.3095238095238,"One-Handed Backhand","Right-Handed"
"494","sf62",181.928571428571,73,175,24.047619047619,29,"Two-Handed Backhand","Right-Handed"
"495","sf76",297.642857142857,96,198,17.3095238095238,29.2142857142857,"Two-Handed Backhand","Right-Handed"
"496","sf89",361.190476190476,80,178,25.8809523809524,29.6666666666667,"Two-Handed Backhand","Right-Handed"
"497","sg29",511.380952380952,80,183,23.452380952381,28.9761904761905,"Two-Handed Backhand","Right-Handed"
"498","sg33",721.833333333333,67,175,10.8809523809524,28.952380952381,"Two-Handed Backhand","Right-Handed"
"499","sg64",169.619047619048,92,193,26.8095238095238,28.5714285714286,"Two-Handed Backhand","Right-Handed"
"500","sh37",326.166666666667,68,178,28.047619047619,28.8095238095238,"Two-Handed Backhand","Left-Handed"
"501","sh77",546.214285714286,85,188,15.3095238095238,28.9047619047619,"Two-Handed Backhand","Left-Handed"
"502","sh90",50.4761904761905,74,185,30.0238095238095,27.7619047619048,"Two-Handed Backhand","Right-Handed"
"503","si06",1146.43243243243,80,180,2.05405405405405,28,"Two-Handed Backhand","Right-Handed"
"504","si74",1555.7037037037,78,185,6,25.8888888888889,"Two-Handed Backhand","Right-Handed"
"505","si82",664.309523809524,76,183,13,25.9761904761905,"One-Handed Backhand","Right-Handed"
"506","sj15",1200,73,178,12.5714285714286,27.0714285714286,"Two-Handed Backhand","Right-Handed"
"507","sj22",216.309523809524,78,185,27.452380952381,28.547619047619,"Two-Handed Backhand","Right-Handed"
"508","sj55",215.452380952381,84,188,21.4047619047619,27.9285714285714,"Two-Handed Backhand","Left-Handed"
"509","sk02",842.547619047619,80,180,18.4047619047619,26.0238095238095,"Two-Handed Backhand","Right-Handed"
"510","sk30",784.690476190476,76,183,16.1666666666667,26,"Two-Handed Backhand","Right-Handed"
"511","sk47",227.880952380952,83,183,26.8095238095238,26.2142857142857,"Two-Handed Backhand","Right-Handed"
"512","sk48",768.97619047619,81,180,26.5952380952381,25.1428571428571,"Two-Handed Backhand","Right-Handed"
"513","sk67",208.904761904762,82,188,22.952380952381,26.4047619047619,"Two-Handed Backhand","Right-Handed"
"514","sk69",306.809523809524,82,188,22.6904761904762,23.1190476190476,"Two-Handed Backhand","Right-Handed"
"515","sk94",225.857142857143,70,183,17.5238095238095,26.1666666666667,"Two-Handed Backhand","Left-Handed"
"516","sk97",401.142857142857,85,193,15.047619047619,23.8095238095238,"Two-Handed Backhand","Right-Handed"
"517","sl07",265.261904761905,79,191,25.7380952380952,26.7619047619048,"Two-Handed Backhand","Right-Handed"
"518","sl08",126,87,188,29.3095238095238,25.4047619047619,"Two-Handed Backhand","Right-Handed"
"519","sl09",341.738095238095,68,178,19.6904761904762,24.3809523809524,"Two-Handed Backhand","Right-Handed"
"520","sl28",54.3095238095238,87,196,31.6190476190476,26.6666666666667,"Two-Handed Backhand","Right-Handed"
"521","sl50",1662.13793103448,74,180,4.72413793103448,24.3448275862069,"One-Handed Backhand","Right-Handed"
"522","sl51",1076.64285714286,74,180,9.5,24.5,"Two-Handed Backhand","Right-Handed"
"523","sl55",1464.2619047619,68,168,10.7619047619048,25.8571428571429,"Two-Handed Backhand","Right-Handed"
"524","sl92",332.642857142857,66,168,25.9761904761905,25.4285714285714,"Two-Handed Backhand","Right-Handed"
"525","sl94",515.285714285714,77,180,18.8571428571429,23.4761904761905,"Two-Handed Backhand","Right-Handed"
"526","sm09",334.833333333333,83,188,21.0238095238095,23,"Two-Handed Backhand","Right-Handed"
"527","sm18",1033.88095238095,76,183,12.3333333333333,26.5714285714286,"One-Handed Backhand","Right-Handed"
"528","sm25",17.6428571428571,84,191,20.0238095238095,24.2142857142857,"Two-Handed Backhand","Right-Handed"
"529","sm37",37.6428571428571,64,170,24.9285714285714,24.3095238095238,"Two-Handed Backhand","Right-Handed"
"530","sm71",1274.07142857143,65,180,10.7142857142857,25.7619047619048,"Two-Handed Backhand","Right-Handed"
"531","sm88",1233.975,81,183,2.325,23.05,"Two-Handed Backhand","Right-Handed"
"532","sn04",1583.40540540541,82,188,5.10810810810811,26.5945945945946,"Two-Handed Backhand","Left-Handed"
"533","sn44",406.714285714286,80,175,25.9761904761905,23.4285714285714,"Two-Handed Backhand","Right-Handed"
"534","sn77",211.785714285714,80,183,29.3333333333333,22.5952380952381,"Two-Handed Backhand","Right-Handed"
"535","so20",655.119047619048,83,188,22.6666666666667,21.3333333333333,"Two-Handed Backhand","Right-Handed"
"536","so47",1704.44444444444,84,198,2.77777777777778,24,"Two-Handed Backhand","Right-Handed"
"537","so70",1072.83333333333,84,193,2.5,24.4583333333333,"One-Handed Backhand","Right-Handed"
"538","so86",546.190476190476,75,188,27,21.9761904761905,"Two-Handed Backhand","Left-Handed"
"539","sp05",559.190476190476,75,178,26.047619047619,24.547619047619,"Two-Handed Backhand","Left-Handed"
"540","sp24",277.97619047619,84,193,20.8333333333333,21.452380952381,"Two-Handed Backhand","Right-Handed"
"541","sp25",749.619047619048,75,188,14.4047619047619,22,"Two-Handed Backhand","Right-Handed"
"542","sp80",445.785714285714,79,188,30.8333333333333,20,"Two-Handed Backhand","Right-Handed"
"543","sq33",1656.48780487805,70,175,13.3414634146341,22.9024390243902,"Two-Handed Backhand","Right-Handed"
"544","sq48",503.833333333333,89,193,16.7142857142857,22.7142857142857,"One-Handed Backhand","Right-Handed"
"545","sq80",177.52380952381,77,180,32.5952380952381,19.5952380952381,"One-Handed Backhand","Right-Handed"
"546","sr71",1552.66666666667,73,183,10.4358974358974,19.7435897435897,"Two-Handed Backhand","Right-Handed"
"547","su55",149.452380952381,76,183,18.7619047619048,17.7142857142857,"One-Handed Backhand","Left-Handed"
"548","sx81",531.47619047619,80,188,10.6428571428571,19.547619047619,"Two-Handed Backhand","Right-Handed"
"549","sx90",491.357142857143,75,178,25.5,20.1666666666667,"Two-Handed Backhand","Right-Handed"
"550","sx96",925.071428571429,73,193,10.6666666666667,17.547619047619,"Two-Handed Backhand","Right-Handed"
"551","t315",583.428571428571,82,185,7.45238095238095,34,"Two-Handed Backhand","Right-Handed"
"552","t742",81.1904761904762,80,180,20.7380952380952,32.5,"Two-Handed Backhand","Right-Handed"
"553","t786",12.6190476190476,91,188,18.452380952381,31.7142857142857,"Two-Handed Backhand","Right-Handed"
"554","t840",42.1904761904762,86,193,27.8333333333333,30.8809523809524,"Two-Handed Backhand","Right-Handed"
"555","t911",505.642857142857,84,185,19.9761904761905,28.8809523809524,"Two-Handed Backhand","Right-Handed"
"556","t948",969.52380952381,80,183,4.19047619047619,27.3333333333333,"Two-Handed Backhand","Right-Handed"
"557","t984",732.357142857143,83,191,17.0714285714286,26.6190476190476,"One-Handed Backhand","Right-Handed"
"558","ta01",1297.30952380952,77,188,5.78571428571429,26.5952380952381,"Two-Handed Backhand","Right-Handed"
"559","ta12",192.095238095238,80,185,24.2380952380952,25,"Two-Handed Backhand","Right-Handed"
"560","ta29",176.166666666667,78,180,22.5,26.9047619047619,"Two-Handed Backhand","Right-Handed"
"561","ta46",78.8333333333333,91,196,23.5952380952381,24.1190476190476,"Two-Handed Backhand","Right-Handed"
"562","tb05",1175.19047619048,74,180,8.66666666666667,24,"Two-Handed Backhand","Right-Handed"
"563","tb69",7.5,82,185,27.6904761904762,23.2619047619048,"One-Handed Backhand","Right-Handed"
"564","tb79",1575.76923076923,68,183,7.17948717948718,22.974358974359,"Two-Handed Backhand","Right-Handed"
"565","tb84",1152.66666666667,86,198,7.64285714285714,24.6428571428571,"Two-Handed Backhand","Right-Handed"
"566","tc11",322.47619047619,90,193,21.6190476190476,22.7380952380952,"Two-Handed Backhand","Right-Handed"
"567","tc13",1886,81,191,5.75862068965517,21.4137931034483,"Two-Handed Backhand","Right-Handed"
"568","tc61",79.5,73,183,27.6666666666667,22.6904761904762,"Two-Handed Backhand","Right-Handed"
"569","tc95",711.714285714286,80,180,18.5714285714286,20.7619047619048,"Two-Handed Backhand","Right-Handed"
"570","td06",1068.71428571429,80,188,15.1190476190476,23.952380952381,"Two-Handed Backhand","Right-Handed"
"571","td51",79.4047619047619,77,188,28.1666666666667,18.9285714285714,"Two-Handed Backhand","Right-Handed"
"572","te16",274.809523809524,78,183,26.7142857142857,19.3333333333333,"Two-Handed Backhand","Right-Handed"
"573","te23",1723.52380952381,73,180,3.78571428571429,20.4047619047619,"Two-Handed Backhand","Right-Handed"
"574","te51",169.666666666667,83,193,27.9285714285714,18.3333333333333,"One-Handed Backhand","Right-Handed"
"575","tf58",312.714285714286,68,170,24.952380952381,19.1190476190476,"Two-Handed Backhand","Right-Handed"
"576","tg30",729.261904761905,80,188,19.2142857142857,19.1666666666667,"Two-Handed Backhand","Right-Handed"
"577","u061",403.785714285714,73,178,15.6190476190476,31.9285714285714,"One-Handed Backhand","Right-Handed"
"578","u133",894.166666666667,78,185,11.7857142857143,27,"One-Handed Backhand","Right-Handed"
"579","u134",196.357142857143,78,183,22.5952380952381,24.3571428571429,"Two-Handed Backhand","Right-Handed"
"580","v254",544.382352941176,73,183,10.9117647058824,35.0882352941176,"One-Handed Backhand","Right-Handed"
"581","v306",37.1904761904762,87,185,26.8571428571429,33.0238095238095,"Two-Handed Backhand","Left-Handed"
"582","v490",335.428571428571,80,185,23.6904761904762,29.452380952381,"Two-Handed Backhand","Right-Handed"
"583","v494",598.833333333333,80,185,11.3809523809524,29.2380952380952,"Two-Handed Backhand","Right-Handed"
"584","v495",139.690476190476,94,198,24.6190476190476,31.547619047619,"Two-Handed Backhand","Right-Handed"
"585","v505",442.833333333333,84,188,19.2142857142857,29.3809523809524,"Two-Handed Backhand","Right-Handed"
"586","v576",1029,85,191,2,29,"Two-Handed Backhand","Right-Handed"
"587","v613",935.612903225806,80,185,3.90322580645161,25.4193548387097,"Two-Handed Backhand","Right-Handed"
"588","v624",961.547619047619,78,188,9.61904761904762,26.1190476190476,"Two-Handed Backhand","Right-Handed"
"589","v656",615.642857142857,70,178,30.1666666666667,27,"One-Handed Backhand","Right-Handed"
"590","v682",659.571428571429,75,188,16.0952380952381,27.3809523809524,"Two-Handed Backhand","Right-Handed"
"591","v685",1471.95238095238,72,175,10.8571428571429,27.6666666666667,"Two-Handed Backhand","Right-Handed"
"592","v708",55.5714285714286,92,198,24.6904761904762,23.452380952381,"Two-Handed Backhand","Left-Handed"
"593","v731",1022.28571428571,74,178,16.8333333333333,24.1904761904762,"Two-Handed Backhand","Right-Handed"
"594","v758",663.595238095238,78,188,29.6190476190476,22.5,"Two-Handed Backhand","Right-Handed"
"595","v784",567.357142857143,74,180,20.2380952380952,24.7619047619048,"Two-Handed Backhand","Right-Handed"
"596","v820",952,84,180,4,23,"Two-Handed Backhand","Right-Handed"
"597","v824",378.642857142857,74,178,24.5,21.4761904761905,"Two-Handed Backhand","Right-Handed"
"598","v832",686.857142857143,84,188,8.47619047619048,20.7380952380952,"Two-Handed Backhand","Right-Handed"
"599","v883",614.285714285714,76,183,20.7619047619048,20.5,"Two-Handed Backhand","Right-Handed"
"600","va08",594.309523809524,78,193,26.0238095238095,21.6428571428571,"One-Handed Backhand","Right-Handed"
"601","va16",1158.71428571429,81,185,12.0952380952381,24,"Two-Handed Backhand","Right-Handed"
"602","w367",4.69047619047619,81,183,18.8809523809524,31.7619047619048,"One-Handed Backhand","Right-Handed"
"603","w373",698.404761904762,73,180,9.64285714285714,31.8809523809524,"Two-Handed Backhand","Right-Handed"
"604","w387",1118.21428571429,82,178,2.38095238095238,34.1428571428571,"Two-Handed Backhand","Right-Handed"
"605","w471",409.095238095238,81,188,17.9047619047619,30.2380952380952,"One-Handed Backhand","Right-Handed"
"606","w481",1106.2380952381,73,183,17.8809523809524,26.5,"Two-Handed Backhand","Right-Handed"
"607","w503",773.857142857143,74,191,8.54761904761905,29.8809523809524,"Two-Handed Backhand","Right-Handed"
"608","w521",456.47619047619,91,191,8.07142857142857,26.1666666666667,"Two-Handed Backhand","Left-Handed"
"609","w522",605.452380952381,84,185,16.3809523809524,25.7619047619048,"Two-Handed Backhand","Right-Handed"
"610","w571",215.452380952381,65,175,25.7380952380952,25.2380952380952,"Two-Handed Backhand","Right-Handed"
"611","w579",521.261904761905,85,185,14,26.6666666666667,"Two-Handed Backhand","Right-Handed"
"612","w586",994.34375,78,183,13.5,26.34375,"Two-Handed Backhand","Right-Handed"
"613","w609",763.880952380952,64,168,14.1190476190476,26.5952380952381,"Two-Handed Backhand","Right-Handed"
"614","w614",555.071428571429,75,188,18.7619047619048,24.8333333333333,"Two-Handed Backhand","Right-Handed"
"615","w630",224.095238095238,82,188,21.1904761904762,23.3333333333333,"Two-Handed Backhand","Right-Handed"
"616","w739",1642.52631578947,76,188,4.57894736842105,20,"Two-Handed Backhand","Right-Handed"
"617","wb08",515.261904761905,62,178,10.9761904761905,18.7142857142857,"Two-Handed Backhand","Right-Handed"
"618","wb25",593.238095238095,89,201,11.3809523809524,18.2857142857143,"Two-Handed Backhand","Right-Handed"
"619","x014",1763,70,185,2,21,"Two-Handed Backhand","Right-Handed"
"620","y061",90.1666666666667,73,183,26.047619047619,34.5,"One-Handed Backhand","Right-Handed"
"621","y114",1074.21428571429,71,180,7.38095238095238,31.2142857142857,"Two-Handed Backhand","Left-Handed"
"622","y124",57.7142857142857,79,183,22.8333333333333,27.4047619047619,"Two-Handed Backhand","Left-Handed"
"623","y178",1898.43902439024,75,175,3.46341463414634,24.2926829268293,"Two-Handed Backhand","Right-Handed"
"624","y218",203.452380952381,78,183,23.1666666666667,20.7142857142857,"Two-Handed Backhand","Right-Handed"
"625","y268",408.571428571429,75,183,8.33333333333333,18.2619047619048,"Two-Handed Backhand","Right-Handed"
"626","z134",1204.76923076923,88,198,1,34,"Two-Handed Backhand","Right-Handed"
"627","z168",31.8333333333333,88,191,29.9285714285714,29.2857142857143,"Two-Handed Backhand","Left-Handed"
"628","z184",64.8571428571429,83,188,32.8809523809524,31.6666666666667,"One-Handed Backhand","Left-Handed"
"629","z189",266.452380952381,81,183,18.6428571428571,30.1904761904762,"Two-Handed Backhand","Right-Handed"
"630","z246",268.238095238095,79,185,23.4761904761905,28.4285714285714,"Two-Handed Backhand","Right-Handed"
"631","z248",348.952380952381,85,188,23.1190476190476,27.8095238095238,"Two-Handed Backhand","Right-Handed"
"632","z254",344.214285714286,88,191,17.7142857142857,28.7619047619048,"Two-Handed Backhand","Right-Handed"
"633","z272",219.880952380952,83,188,21.5,26.452380952381,"Two-Handed Backhand","Right-Handed"
"634","z349",649.857142857143,71,180,8.40476190476191,29.4047619047619,"Two-Handed Backhand","Right-Handed"
"635","z355",12.547619047619,86,198,23.8095238095238,19.6904761904762,"Two-Handed Backhand","Right-Handed"
"636","z363",612.166666666667,80,180,22.4047619047619,20.547619047619,"Two-Handed Backhand","Right-Handed"
"637","z371",649.452380952381,87,193,14.3809523809524,20.1190476190476,"Two-Handed Backhand","Right-Handed"
"638","z395",1019.7380952381,80,180,19.3809523809524,20.9285714285714,"Two-Handed Backhand","Right-Handed"
"639","z419",353.595238095238,73,185,30.3333333333333,19.952380952381,"Two-Handed Backhand","Right-Handed"
